movie_id,title,release_date,year,genres,revenue,budget,runtime,rating
1226863,The Super Mario Galaxy Movie,2026-04-01,2026,"Family, Comedy, Adventure, Fantasy, Animation",941200000,110000000,98,6.7
1007757,Swapped,2026-05-01,2026,"Adventure, Animation, Family, Fantasy",0,0,102,8.884
1318447,Apex,2026-04-24,2026,"Action, Thriller",0,0,96,6.55
10867,Malena,2000-10-27,2000,Drama,14493284,0,108,7.431
1198994,Send Help,2026-01-22,2026,"Horror, Thriller, Comedy",94041481,40000000,113,7.022
350,The Devil Wears Prada,2006-06-29,2006,"Drama, Comedy",326588371,35000000,109,7.397
687163,Project Hail Mary,2026-03-15,2026,"Science Fiction, Adventure",655800000,200000000,157,8.2
931285,Mortal Kombat II,2026-05-06,2026,"Action, Fantasy, Adventure",63000000,80000000,116,7.181
1266127,Ready or Not 2: Here I Come,2026-03-19,2026,"Horror, Comedy",42212563,14000000,108,7.425
1523145,Your Heart Will Be Broken,2026-03-26,2026,"Romance, Drama",7578000,3716000,134,6.9
936075,Michael,2026-04-22,2026,"Music, Drama",577469704,250000000,128,7.6
1327819,Hoppers,2026-03-04,2026,"Animation, Adventure, Comedy, Family, Science Fiction",380239139,150000000,105,7.873
1669050,Tayuan 2,2026-04-17,2026,Drama,0,0,71,3.7
1630423,My Dearest Assassin,2026-05-06,2026,"Action, Drama, Romance",0,0,128,6.9
83533,Avatar: Fire and Ash,2025-12-17,2025,"Science Fiction, Adventure, Fantasy",1490477656,350000000,198,7.404
318256,Hot Girls Wanted,2015-01-24,2015,Documentary,0,0,84,6.085
1330021,Remarkably Bright Creatures,2026-05-07,2026,"Drama, Mystery",0,0,114,8.0
1314481,The Devil Wears Prada 2,2026-04-29,2026,"Comedy, Drama",433200000,100000000,119,6.775
1613798,Vengeance,2026-02-26,2026,"Action, Thriller",0,0,103,7.067
1292695,They Will Kill You,2026-03-25,2026,"Action, Comedy, Horror",18982152,20000000,94,6.79
1292415,Beast,2026-04-10,2026,"Action, Drama",0,0,114,7.0
1297842,GOAT,2026-02-11,2026,"Animation, Comedy, Family",190564590,90000000,100,8.0
980431,Avatar Aang: The Last Airbender,2026-10-09,2026,"Animation, Action, Adventure, Fantasy",0,0,99,0.0
1325734,The Drama,2026-03-26,2026,"Romance, Comedy, Drama",122350874,28000000,105,7.0
1311031,Demon Slayer: Kimetsu no Yaiba Infinity Castle,2025-07-18,2025,"Animation, Action, Fantasy",733030221,20000000,156,7.705
1510745,Bodycam,2026-03-12,2026,Horror,0,0,75,5.183
1241752,Rita,2024-03-22,2024,Drama,0,0,113,6.1
1084242,Zootopia 2,2025-11-26,2025,"Adventure, Animation, Comedy, Family, Mystery",1868208796,150000000,108,7.62
1290821,Shelter,2026-01-28,2026,"Action, Crime, Thriller",53899517,50000000,107,7.1
1414413,Brothers Under Fire,2026-04-15,2026,"Action, Thriller, Mystery, Drama",0,0,99,6.237
82023,Hotel Desire,2011-12-07,2011,"Drama, Romance",0,230758,38,6.171
1242898,Predator: Badlands,2025-11-05,2025,"Action, Science Fiction, Adventure",184500000,105000000,107,7.697
1173559,Insidious Inferno,2024-11-29,2024,Horror,0,0,97,6.133
755898,War of the Worlds,2025-07-29,2025,"Science Fiction, Thriller",0,10000000,91,4.146
1171145,Crime 101,2026-02-11,2026,"Crime, Thriller",72824188,90000000,141,6.959
440249,After Porn Ends 2,2017-03-28,2017,Documentary,0,500000,90,5.4
1235192,Wormtown,2025-09-27,2025,"Science Fiction, Horror, Adventure",0,0,107,5.8
1426822,Mortal Game,2025-02-03,2025,"Horror, Action",0,0,85,7.667
1419406,The Shadow's Edge,2025-08-16,2025,"Action, Crime, Drama, Thriller",174400000,0,142,7.26
848116,Rocky Aur Rani Kii Prem Kahaani,2023-07-28,2023,"Comedy, Drama, Family, Romance",0,0,178,6.147
440249,After Porn Ends 2,2017-03-28,2017,Documentary,0,500000,90,5.4
840464,Greenland 2: Migration,2026-01-07,2026,"Adventure, Thriller, Science Fiction",44856736,90000000,98,6.408
729791,Musume Bugyo On-na Ro Hisho,1995-03-24,1995,"Drama, History",0,0,78,4.9
1368166,The Housemaid,2025-12-18,2025,"Mystery, Thriller",399644671,35000000,131,7.2
7451,xXx,2002-08-09,2002,"Action, Adventure, Thriller, Crime, Drama",277448382,70000000,124,5.986
249397,Nymphomaniac: Vol. II,2013-12-25,2013,"Drama, Mystery",4934725,2350000,124,6.708
510657,Wellwood,2025-03-24,2025,"Science Fiction, Horror, Drama, Thriller",0,0,89,5.6
1301421,The Sheep Detectives,2026-04-30,2026,"Comedy, Family, Mystery",28000000,75000000,109,7.704
1159559,Scream 7,2026-02-25,2026,"Horror, Mystery, Crime",213835967,45000000,114,6.062
157336,Interstellar,2014-11-05,2014,"Adventure, Drama, Science Fiction",746606706,165000000,169,8.471
1383731,Protector,2026-02-20,2026,"Action, Thriller",1969113,0,90,6.3
78192,Michael Jackson: The Life of an Icon,2011-11-02,2011,"Documentary, Music",0,0,149,8.0
1352874,The Crucifix: Blood of the Exorcist,2025-01-09,2025,Horror,82873,100000,92,5.821
609681,The Marvels,2023-11-08,2023,"Science Fiction, Adventure, Action",206136825,274800000,105,5.942
82023,Hotel Desire,2011-12-07,2011,"Drama, Romance",0,230758,38,6.171
458293,Michael Jackson: Searching for Neverland,2017-05-29,2017,"Drama, TV Movie",0,2000000,102,6.541
848116,Rocky Aur Rani Kii Prem Kahaani,2023-07-28,2023,"Comedy, Drama, Family, Romance",0,0,178,6.147
1084577,Balls Up,2026-04-15,2026,"Comedy, Action, Adventure",0,0,104,5.783
1265609,War Machine,2026-02-12,2026,"Action, Science Fiction, Thriller",0,73000000,110,7.264
1534530,The Whisper,2026-01-22,2026,Horror,0,0,101,6.875
1601797,¿Quieres ser mi novia?,2026-02-12,2026,"Comedy, Romance",197388,0,97,8.507
1207162,Rise of the Conqueror,2026-04-09,2026,"History, Action, Adventure, War",0,30000000,119,5.9
441168,From Straight A's to XXX,2017-02-11,2017,"Drama, TV Movie",0,0,87,5.8
1641319,Sniper: No Nation,2026-04-07,2026,"Action, Thriller",0,0,96,6.213
502356,The Super Mario Bros. Movie,2023-04-05,2023,"Family, Comedy, Adventure, Fantasy, Animation",1360879735,100000000,93,7.591
744275,After We Fell,2021-09-01,2021,"Drama, Romance",21753705,14000000,99,7.005
24428,The Avengers,2012-04-25,2012,"Science Fiction, Action, Adventure",1518815515,220000000,143,8.018
299536,Avengers: Infinity War,2018-04-25,2018,"Adventure, Action, Science Fiction",2052415039,300000000,149,8.234
976912,Graphic Desires,2023-08-31,2023,"Thriller, Crime",0,0,90,6.825
1177445,Cannibal Mukbang,2025-09-25,2025,"Horror, Comedy, Romance",0,0,103,4.722
278,The Shawshank Redemption,1994-09-23,1994,"Drama, Crime",28341469,25000000,142,8.72
1087040,Money Shot: The Pornhub Story,2023-03-15,2023,Documentary,0,0,95,5.8
1317448,No Place to Be Single,2026-05-08,2026,"Romance, Comedy",0,0,103,6.8
1110034,Kraken,2026-02-06,2026,"Horror, Action, Thriller",14329678,1000000,94,6.0
1316092,"""Wuthering Heights""",2026-02-11,2026,"Romance, Drama",241701072,80000000,136,6.552
1470130,The Mortuary Assistant,2026-02-13,2026,"Horror, Mystery",1300011,0,91,5.372
184314,Young & Beautiful,2013-08-21,2013,Drama,9757417,4650000,95,6.506
1038392,The Conjuring: Last Rites,2025-09-03,2025,Horror,499256445,55000000,136,6.882
44980,Zero Woman 2,1995-09-05,1995,"Action, Thriller",0,0,99,5.0
73353,Man in the Mirror: The Michael Jackson Story,2004-08-06,2004,"Drama, TV Movie",0,1200000,85,6.3
1368337,The Odyssey,2026-07-15,2026,"Adventure, Action, Fantasy",0,250000000,0,0.0
1292662,Slaughterhouse On The Hill,2024-05-03,2024,Horror,0,0,72,5.889
1010581,My Fault,2023-06-08,2023,"Drama, Romance, Thriller",0,0,116,7.741
10729,Quick Change,1990-07-13,1990,"Comedy, Crime",15260154,15000000,89,6.691
1177445,Cannibal Mukbang,2025-09-25,2025,"Horror, Comedy, Romance",0,0,103,4.722
976912,Graphic Desires,2023-08-31,2023,"Thriller, Crime",0,0,90,6.825
1234731,Anaconda,2025-12-24,2025,"Adventure, Comedy, Horror",135148320,45000000,100,5.876
1038918,Magistrate Woman Prison Collection II,1995-09-21,1995,"Drama, History",0,0,79,6.0
184314,Young & Beautiful,2013-08-21,2013,Drama,9757417,4650000,95,6.506
17741,Stoned,2005-11-18,2005,Drama,0,0,102,5.125
106098,Egyptian Melodies,1931-08-21,1931,Animation,0,10461,6,6.059
911430,F1,2025-06-25,2025,"Action, Drama",631627111,250000000,156,7.754
238,The Godfather,1972-03-14,1972,"Drama, Crime",245066411,6000000,175,8.686
1038392,The Conjuring: Last Rites,2025-09-03,2025,Horror,499256445,55000000,136,6.882
774444,Cinematographer,2020-12-04,2020,Documentary,0,0,83,0.0
1084187,Pretty Lethal,2026-03-13,2026,"Music, Thriller, Action, Horror",0,0,89,6.722
1196067,Worldbreaker,2025-10-30,2025,"Science Fiction, Action, Horror",0,0,95,5.897
1266992,Balinsasayaw,2024-05-17,2024,Drama,0,0,98,6.833
805681,Deepfrozen,2006-09-07,2006,Comedy,0,0,92,9.0
803796,KPop Demon Hunters,2025-06-20,2025,"Fantasy, Music, Comedy, Animation",24619953,100000000,96,8.016
1304313,Lee Cronin's The Mummy,2026-04-15,2026,"Horror, Mystery",86121022,22000000,133,6.712
425274,Now You See Me: Now You Don't,2025-11-12,2025,"Crime, Thriller",242431024,90000000,113,6.512
1272837,28 Years Later: The Bone Temple,2026-01-14,2026,"Horror, Thriller, Science Fiction",58522222,63000000,109,7.121
1270125,Monster on a Plane,2024-11-07,2024,"Horror, Comedy",0,0,88,4.561
81774,Exploits of a Young Don Juan,1986-11-04,1986,"Comedy, Drama",1300000,0,100,6.041
27205,Inception,2010-07-15,2010,"Action, Science Fiction, Adventure",839030630,160000000,148,8.371
967998,Fatal Conspiracy,2022-05-26,2022,Horror,0,0,0,7.0
1651233,Son-in-Law,2026-04-18,2026,"Comedy, Drama",0,0,102,5.1
1688652,Gary,2026-05-05,2026,"Drama, Comedy",0,0,60,7.083
1115544,Mike & Nick & Nick & Alice,2026-03-14,2026,"Comedy, Science Fiction, Crime",0,0,107,6.789
1075175,How to Have Sex,2023-11-02,2023,Drama,1216642,0,91,6.24
496243,Parasite,2019-05-30,2019,"Comedy, Thriller, Drama",257591776,11363000,133,8.494
634649,Spider-Man: No Way Home,2021-12-15,2021,"Action, Adventure, Science Fiction",1921847111,200000000,148,7.933
39924,Exposé,1976-03-01,1976,"Thriller, Horror",0,0,84,4.951
155,The Dark Knight,2008-07-16,2008,"Action, Crime, Thriller",1004558444,185000000,152,8.53
662707,Starbright,2026-02-27,2026,"Adventure, Action",0,30000000,148,6.5
680,Pulp Fiction,1994-09-10,1994,"Thriller, Crime, Comedy",213928762,8000000,154,8.484
341054,Fool Japan: The ABCs of Tetsudon,2014-03-01,2014,"Comedy, Horror, Animation",0,0,95,0.0
11013,Secretary,2002-09-20,2002,"Romance, Drama, Comedy",9300000,4000000,111,6.791
603,The Matrix,1999-03-31,1999,"Action, Science Fiction",463517383,63000000,136,8.244
122,The Lord of the Rings: The Return of the King,2003-12-17,2003,"Adventure, Fantasy, Action",1118888979,94000000,201,8.497
634649,Spider-Man: No Way Home,2021-12-15,2021,"Action, Adventure, Science Fiction",1921847111,200000000,148,7.933
1270125,Monster on a Plane,2024-11-07,2024,"Horror, Comedy",0,0,88,4.561
1214931,Nuremberg,2025-11-06,2025,"History, Drama",37009109,11800000,149,7.469
950396,The Gorge,2025-02-13,2025,"Romance, Science Fiction, Thriller",0,70000000,128,7.616
1651233,Son-in-Law,2026-04-18,2026,"Comedy, Drama",0,0,102,5.1
858024,Hamnet,2025-11-26,2025,"Drama, Romance, History",107756183,30000000,125,7.7
1010755,The Strangers: Chapter 3,2026-02-05,2026,"Horror, Thriller",9191988,8500000,92,5.646
533535,Deadpool & Wolverine,2024-07-24,2024,"Action, Comedy, Science Fiction",1338073645,200000000,128,7.559
120,The Lord of the Rings: The Fellowship of the Ring,2001-12-18,2001,"Adventure, Fantasy, Action",871368364,93000000,179,8.433
567609,Ready or Not,2019-08-21,2019,"Horror, Comedy",57615777,6000000,96,7.1
1336770,Vaazha II,2026-04-02,2026,"Comedy, Drama",21181760,1079884,162,7.2
1383519,Wolf Beach,2025-10-24,2025,"Comedy, Thriller",0,0,97,5.0
361743,Top Gun: Maverick,2022-05-21,2022,"Action, Drama",1488732821,170000000,131,8.154
214756,Ted 2,2015-06-25,2015,"Comedy, Fantasy",215863606,68000000,115,6.317
10729,Quick Change,1990-07-13,1990,"Comedy, Crime",15260154,15000000,89,6.691
1446616,Tu Yaa Main,2026-02-11,2026,"Thriller, Romance",0,0,145,6.4
1160946,Animalicious,1999-01-01,1999,"Documentary, TV Movie",0,0,52,9.0
1539104,JUJUTSU KAISEN: Execution,2025-11-07,2025,"Animation, Action, Fantasy",44457030,0,88,5.975
807,Se7en,1995-09-22,1995,"Crime, Mystery, Thriller",327311859,33000000,127,8.381
253376,In Darkness We Fall,2014-01-24,2014,"Horror, Adventure",0,0,76,5.869
1120368,Horizon: An American Saga - Chapter 2,2024-09-07,2024,"Western, Drama",0,50000000,190,7.5
1306368,The Rip,2026-01-13,2026,"Action, Thriller, Crime",0,100000000,113,7.1
932086,Horizon: An American Saga - Chapter 1,2024-06-26,2024,"Western, Drama",38735702,50000000,182,6.813
1002398,Donselya,2024-10-29,2024,"Drama, Romance",0,0,99,6.45
120,The Lord of the Rings: The Fellowship of the Ring,2001-12-18,2001,"Adventure, Fantasy, Action",871368364,93000000,179,8.433
13,Forrest Gump,1994-06-23,1994,"Comedy, Drama, Romance",677387716,55000000,142,8.464
1336770,Vaazha II,2026-04-02,2026,"Comedy, Drama",21181760,1079884,162,7.2
214756,Ted 2,2015-06-25,2015,"Comedy, Fantasy",215863606,68000000,115,6.317
1658216,Stepdaddy,2026-04-04,2026,Drama,0,0,70,5.0
567609,Ready or Not,2019-08-21,2019,"Horror, Comedy",57615777,6000000,96,7.1
597,Titanic,1997-12-18,1997,"Drama, Romance",2264162353,200000000,194,7.902
129,Spirited Away,2001-07-20,2001,"Animation, Family, Fantasy",274925095,19000000,125,8.534
1011985,Kung Fu Panda 4,2024-03-02,2024,"Action, Adventure, Animation, Comedy, Family, Fantasy",548040835,80000000,94,7.001
550,Fight Club,1999-10-15,1999,"Drama, Thriller",100853753,63000000,139,8.438
769,GoodFellas,1990-09-12,1990,"Drama, Crime",47072327,25000000,145,8.453
1430077,Hokum,2026-04-29,2026,Horror,14558218,5000000,107,6.8
1236153,Mercy,2026-01-20,2026,"Science Fiction, Action, Thriller",54708061,60000000,99,7.001
933720,Lion,2019-09-05,2019,"Adventure, Animation",0,0,7,6.5
1246049,Dracula,2025-07-30,2025,"Horror, Fantasy, Romance",42404858,52000000,130,7.088
1236153,Mercy,2026-01-20,2026,"Science Fiction, Action, Thriller",54708061,60000000,99,7.001
933720,Lion,2019-09-05,2019,"Adventure, Animation",0,0,7,6.5
28322,Madness,1980-03-20,1980,"Thriller, Action, Crime",0,0,89,5.0
1246049,Dracula,2025-07-30,2025,"Horror, Fantasy, Romance",42404858,52000000,130,7.088
1218925,Chainsaw Man - The Movie: Reze Arc,2025-09-19,2025,"Animation, Action, Romance, Fantasy",174502910,4100000,99,8.325
1088434,Hellfire,2026-02-05,2026,"Action, Thriller",0,0,94,6.662
1233413,Sinners,2025-04-16,2025,"Horror, Action, Thriller",369425281,90000000,138,7.5
805681,Deepfrozen,2006-09-07,2006,Comedy,0,0,92,9.0
597,Titanic,1997-12-18,1997,"Drama, Romance",2264162353,200000000,194,7.902
9823,Mortal Kombat: Annihilation,1997-11-11,1997,"Action, Fantasy, Science Fiction",51376861,30000000,95,4.528
137051,Midnight Matinee,1988-10-12,1988,"Horror, Mystery, Thriller, TV Movie",0,0,91,5.4
258216,Nymphomaniac: Vol. I,2013-12-25,2013,Drama,13545832,2350000,118,6.844
1061474,Superman,2025-07-09,2025,"Science Fiction, Adventure, Action",618723803,225000000,130,7.34
1472638,Buen Camino,2025-12-25,2025,"Comedy, Family, Adventure",73797878,28100000,90,6.271
866398,The Beekeeper,2024-01-08,2024,"Action, Crime, Thriller",162619535,35000000,106,7.242
1383519,Wolf Beach,2025-10-24,2025,"Comedy, Thriller",0,0,97,5.0
872585,Oppenheimer,2023-07-19,2023,"Drama, History",952000000,100000000,181,8.031
1268127,Humint,2026-02-11,2026,"Thriller, Action, Drama",13207600,16000000,120,7.372
1659087,180,2026-04-16,2026,"Thriller, Crime, Drama, TV Movie",0,0,94,5.667
240,The Godfather Part II,1974-12-20,1974,"Drama, Crime",102600000,13000000,202,8.571
671,Harry Potter and the Philosopher's Stone,2001-11-16,2001,"Adventure, Fantasy",976475550,125000000,152,7.898
1671548,Dear You,2026-04-30,2026,"Drama, Family",0,0,118,9.0
76600,Avatar: The Way of Water,2022-12-14,2022,"Action, Adventure, Science Fiction",2353096253,350000000,192,7.591
575265,Mission: Impossible - The Final Reckoning,2025-05-17,2025,"Action, Thriller, Adventure",598767057,400000000,170,7.159
980477,Ne Zha 2,2025-01-29,2025,"Animation, Action, Fantasy, Adventure",2259822417,80000000,144,8.128
807,Se7en,1995-09-22,1995,"Crime, Mystery, Thriller",327311859,33000000,127,8.381
1515899,Billie Eilish - Hit Me Hard and Soft: The Tour (Live in 3D),2026-04-29,2026,"Music, Documentary",20100000,65000000,114,7.643
858024,Hamnet,2025-11-26,2025,"Drama, Romance, History",107756183,30000000,125,7.7
729791,Musume Bugyo On-na Ro Hisho,1995-03-24,1995,"Drama, History",0,0,78,4.9
1173476,Michael Jackson: Faking It,2023-09-10,2023,"Documentary, Crime",0,0,45,5.2
424,Schindler's List,1993-12-15,1993,"Drama, History, War",321365567,22000000,195,8.568
1167307,David,2025-12-14,2025,"Animation, Drama, Family, History",85865995,60900000,109,8.052
438631,Dune,2021-09-15,2021,"Science Fiction, Adventure",410668500,165000000,155,7.8
39254,Real Steel,2011-09-28,2011,"Action, Science Fiction, Drama",299300000,110000000,127,7.072
1156594,Our Fault,2025-10-15,2025,"Romance, Drama",0,0,110,7.346
875828,Peaky Blinders: The Immortal Man,2026-03-05,2026,"Crime, Drama",0,0,112,7.213
519182,Despicable Me 4,2024-06-20,2024,"Action, Animation, Comedy, Family, Science Fiction",972021410,100000000,94,6.987
269955,Obsessed,2014-05-14,2014,Drama,0,0,132,6.681
258216,Nymphomaniac: Vol. I,2013-12-25,2013,Drama,13545832,2350000,118,6.844
14836,Coraline,2009-02-05,2009,"Animation, Family, Fantasy",185860104,60000000,100,7.902
1228246,Five Nights at Freddy's 2,2025-12-03,2025,"Horror, Thriller",239502619,51000000,104,6.666
875828,Peaky Blinders: The Immortal Man,2026-03-05,2026,"Crime, Drama",0,0,112,7.213
1339713,Obsession,2026-04-16,2026,Horror,0,1000000,109,6.5
696393,Cold Storage,2026-01-22,2026,"Horror, Science Fiction, Comedy",4048606,10000000,99,6.746
664767,Mortal Kombat Legends: Scorpion's Revenge,2020-04-12,2020,"Animation, Action, Fantasy",0,0,80,8.1
1049471,Outcome,2026-04-06,2026,"Comedy, Drama",0,80000000,84,5.261
1659087,180,2026-04-16,2026,"Thriller, Crime, Drama, TV Movie",0,0,94,5.667
218,The Terminator,1984-10-26,1984,"Action, Thriller, Science Fiction",78371200,6400000,108,7.679
1218925,Chainsaw Man - The Movie: Reze Arc,2025-09-19,2025,"Animation, Action, Romance, Fantasy",174502910,4100000,99,8.325
19995,Avatar,2009-12-16,2009,"Science Fiction, Action, Adventure",2923706026,237000000,162,7.603
617126,The Fantastic 4: First Steps,2025-07-23,2025,"Science Fiction, Adventure, Action",521858728,200000000,115,6.957
348,Alien,1979-05-25,1979,"Horror, Science Fiction",104931801,11000000,117,8.17
1184918,The Wild Robot,2024-09-12,2024,"Family, Animation, Science Fiction, Adventure",331982078,78000000,102,8.3
121,The Lord of the Rings: The Two Towers,2002-12-18,2002,"Adventure, Fantasy, Action",926287400,79000000,179,8.417
1408208,Exit 8,2025-08-28,2025,"Horror, Mystery",42911587,1400000,95,6.656
939243,Sonic the Hedgehog 3,2024-12-19,2024,"Action, Science Fiction, Comedy, Family",492162604,122000000,110,7.612
991494,The SpongeBob Movie: Search for SquarePants,2025-12-16,2025,"Adventure, Animation, Comedy, Family, Fantasy",163197450,64000000,88,6.806
10138,Iron Man 2,2010-04-28,2010,"Adventure, Action, Science Fiction",623933331,200000000,124,6.852
269149,Zootopia,2016-02-11,2016,"Animation, Adventure, Family, Comedy",1025521689,150000000,109,7.76
1726,Iron Man,2008-04-30,2008,"Action, Science Fiction, Adventure",585174222,140000000,126,7.657
121,The Lord of the Rings: The Two Towers,2002-12-18,2002,"Adventure, Fantasy, Action",926287400,79000000,179,8.417
991494,The SpongeBob Movie: Search for SquarePants,2025-12-16,2025,"Adventure, Animation, Comedy, Family, Fantasy",163197450,64000000,88,6.806
1223601,Sisu: Road to Revenge,2025-10-21,2025,"Action, War, Thriller",9811703,12200000,89,7.321
950387,A Minecraft Movie,2025-03-31,2025,"Family, Fantasy, Comedy, Adventure",958287780,150000000,101,6.26
50619,The Twilight Saga: Breaking Dawn - Part 1,2011-11-16,2011,"Adventure, Fantasy, Romance",712171856,110000000,117,6.188
1669057,Check-In,2026-05-01,2026,Drama,0,0,0,5.0
1054867,One Battle After Another,2025-09-23,2025,"Thriller, Crime, Comedy",209377100,175000000,162,7.366
1358280,Taboo: Family Secrets,2024-10-22,2024,"Romance, Drama, Thriller",0,0,95,5.7
348,Alien,1979-05-25,1979,"Horror, Science Fiction",104931801,11000000,117,8.17
12153,White Chicks,2004-06-23,2004,"Comedy, Crime",113100000,37000000,109,6.931
617126,The Fantastic 4: First Steps,2025-07-23,2025,"Science Fiction, Adventure, Action",521858728,200000000,115,6.957
939243,Sonic the Hedgehog 3,2024-12-19,2024,"Action, Science Fiction, Comedy, Family",492162604,122000000,110,7.612
150540,Inside Out,2015-06-17,2015,"Animation, Family, Adventure, Drama, Comedy",857611174,175000000,95,7.909
346698,Barbie,2023-07-19,2023,"Comedy, Adventure, Fantasy",1447138421,145000000,114,6.926
429,"The Good, the Bad and the Ugly",1966-12-23,1966,Western,38900000,1200000,161,8.5
315635,Spider-Man: Homecoming,2017-07-05,2017,"Action, Adventure, Science Fiction",880978185,175000000,133,7.331
1726,Iron Man,2008-04-30,2008,"Action, Science Fiction, Adventure",585174222,140000000,126,7.657
338803,The Treacherous,2015-05-21,2015,"Drama, History, Crime",6906250,0,133,6.094
1424965,Ice Skater,2026-05-28,2026,"Drama, Thriller",0,0,83,0.0
1087192,How to Train Your Dragon,2025-06-06,2025,"Fantasy, Family, Action, Adventure",636351148,150000000,125,7.929
7131,Van Helsing,2004-05-03,2004,"Horror, Adventure, Action",300257475,160000000,132,6.404
272148,Darna and Ding,1980-02-08,1980,Action,0,0,0,7.0
623983,Michael Jackson: Chase the Truth,2019-08-13,2019,Documentary,0,0,59,7.038
829487,Je m'appelle Agneta,2026-04-28,2026,"Comedy, Drama, Romance",0,0,114,7.206
693134,Dune: Part Two,2024-02-27,2024,"Science Fiction, Adventure",714844358,190000000,167,8.125
1078605,Weapons,2025-08-04,2025,"Horror, Mystery",269972492,38000000,129,7.251
389,12 Angry Men,1957-04-10,1957,Drama,4360000,397751,97,8.56
1303055,A Breed Apart,2025-05-16,2025,"Horror, Mystery, Action",0,0,100,5.514
1159831,The Bride!,2026-03-04,2026,"Science Fiction, Horror, Fantasy",23844025,80000000,127,6.207
1191876,From the Ashes,2027-06-01,2027,Drama,0,1000000,92,0.0
1317920,The Red Envelope,2025-03-20,2025,Comedy,3271089,0,127,7.267
1511417,Bāhubali: The Epic,2025-10-29,2025,"Action, Drama",3500000,65000000,224,6.095
62177,Brave,2012-06-21,2012,"Animation, Family, Fantasy, Adventure",538983207,185000000,93,7.022
99861,Avengers: Age of Ultron,2015-04-22,2015,"Action, Adventure, Science Fiction",1405403694,235000000,141,7.27
541671,Ballerina,2025-06-04,2025,"Action, Thriller, Crime",137408107,90000000,125,7.231
101,Léon: The Professional,1994-09-14,1994,"Crime, Drama, Action",45284974,16000000,111,8.295
22512,"Sex, Shame & Tears",1999-06-18,1999,"Comedy, Drama, Romance",0,0,110,6.592
1480387,undertone,2026-03-12,2026,"Horror, Mystery",21324330,500000,94,6.4
198663,The Maze Runner,2014-09-10,2014,"Action, Mystery, Science Fiction, Thriller",348319861,34000000,113,7.189
38,Eternal Sunshine of the Spotless Mind,2004-03-19,2004,"Science Fiction, Drama, Romance",72258126,20000000,108,8.1
585,"Monsters, Inc.",2001-11-01,2001,"Animation, Comedy, Family",579700000,115000000,92,7.848
1156593,Your Fault,2024-12-26,2024,"Drama, Romance",0,0,117,7.081
8587,The Lion King,1994-06-15,1994,"Animation, Family, Drama",763455561,45000000,89,8.253
1062722,Frankenstein,2025-10-17,2025,"Drama, Fantasy, Horror",480678,120000000,150,7.643
402431,Wicked,2024-10-16,2024,"Drama, Romance, Fantasy",758827029,150000000,162,6.91
1214931,Nuremberg,2025-11-06,2025,"History, Drama",37009109,11800000,149,7.469
687259,Ghost Stories,1982-01-01,1982,Horror,0,0,80,6.2
11324,Shutter Island,2010-02-14,2010,"Drama, Thriller, Mystery",294804195,80000000,138,8.198
4935,Howl's Moving Castle,2004-09-09,2004,"Fantasy, Animation, Adventure",236049757,24000000,119,8.386
384527,Dolce... calda Lisa,1980-03-28,1980,Drama,0,0,84,4.923
744,Top Gun,1986-05-16,1986,"Action, Drama, Romance",356830601,15000000,110,7.1
414906,The Batman,2022-03-01,2022,"Crime, Mystery, Thriller",772775278,185000000,177,7.661
111,Scarface,1983-12-09,1983,"Action, Crime, Drama",66023329,25000000,170,8.156
10681,WALL·E,2008-06-22,2008,"Animation, Family, Science Fiction",521311860,180000000,98,8.11
138843,The Conjuring,2013-07-18,2013,"Horror, Thriller",321293998,13000000,112,7.537
354912,Coco,2017-10-27,2017,"Family, Animation, Music, Adventure",814641172,175000000,105,8.197
244786,Whiplash,2014-10-10,2014,"Drama, Music, Thriller",50307484,3300000,107,8.374
9823,Mortal Kombat: Annihilation,1997-11-11,1997,"Action, Fantasy, Science Fiction",51376861,30000000,95,4.528
324857,Spider-Man: Into the Spider-Verse,2018-12-06,2018,"Animation, Action, Adventure, Science Fiction",394884133,90000000,117,8.393
1119449,"Good Luck, Have Fun, Don't Die",2026-02-13,2026,"Science Fiction, Action, Comedy",9662012,20000000,134,6.915
673,Harry Potter and the Prisoner of Azkaban,2004-05-31,2004,"Adventure, Fantasy",789804554,130000000,141,8.008
557,Spider-Man,2002-05-01,2002,"Action, Science Fiction",821708551,139000000,121,7.326
329505,Lola's Secret,1984-05-04,1984,"Drama, Comedy, Horror",0,0,88,7.0
652,Troy,2004-05-13,2004,"War, Action, History",497409852,175000000,163,7.169
385687,Fast X,2023-05-17,2023,"Action, Crime, Thriller",704709660,340000000,142,6.998
564,The Mummy,1999-04-16,1999,"Adventure, Action, Fantasy",415885488,80000000,124,6.968
1175942,The Bad Guys 2,2025-07-24,2025,"Family, Comedy, Crime, Adventure, Animation",239676236,80000000,104,7.7
14160,Up,2009-05-28,2009,"Animation, Comedy, Family, Adventure",735103954,175000000,96,7.959
216015,Fifty Shades of Grey,2015-02-11,2015,"Drama, Romance, Thriller",569651467,40000000,125,5.869
335984,Blade Runner 2049,2017-10-04,2017,"Science Fiction, Drama",259239658,150000000,164,7.592
862,Toy Story,1995-11-22,1995,"Family, Comedy, Animation, Adventure",401157969,30000000,81,7.973
603692,John Wick: Chapter 4,2023-03-21,2023,"Action, Thriller, Crime",447316405,100000000,170,7.706
18240,The Proposal,2009-06-02,2009,"Comedy, Romance, Drama",317400000,40000000,108,7.143
12444,Harry Potter and the Deathly Hallows: Part 1,2010-11-17,2010,"Adventure, Fantasy",954305868,250000000,146,7.734
105,Back to the Future,1985-07-03,1985,"Adventure, Comedy, Science Fiction",381109762,19000000,116,8.3
1643,Last Tango in Paris,1972-12-15,1972,"Drama, Romance",36182181,1250000,129,6.906
280,Terminator 2: Judgment Day,1991-07-03,1991,"Action, Thriller, Science Fiction",517778573,102000000,137,8.146
346364,It,2017-09-06,2017,"Horror, Thriller, Drama",719766009,35000000,135,7.2
64641,Monika,1974-02-28,1974,"Romance, Drama",0,0,93,4.7
9312,Mortal Kombat,1995-08-18,1995,"Action, Fantasy",122195920,18000000,101,5.881
11953,Kagemusha,1980-04-26,1980,"Action, Drama, History, War",4000000,6000000,180,7.8
177572,Big Hero 6,2014-10-24,2014,"Adventure, Family, Animation, Action, Comedy",657870525,165000000,102,7.724
1339876,Mardaani 3,2026-01-30,2026,"Action, Crime, Thriller",0,0,131,7.268
1291608,Dhurandhar,2025-12-05,2025,"Action, Crime, Thriller",170000000,22500000,212,7.1
1448560,Wildcat,2025-11-19,2025,"Action, Thriller",0,50000,99,6.207
58,Pirates of the Caribbean: Dead Man's Chest,2006-07-06,2006,"Adventure, Fantasy, Action",1066179747,200000000,151,7.375
77338,The Intouchables,2011-11-02,2011,"Drama, Comedy",426590315,13000000,113,8.269
290098,The Handmaiden,2016-06-01,2016,"Thriller, Drama, Romance",38600000,8575000,145,8.187
429617,Spider-Man: Far From Home,2019-06-28,2019,"Action, Adventure, Science Fiction",1132723226,160000000,129,7.396
20222,Sex with Love,2003-03-27,2003,"Comedy, Romance",0,0,108,6.533
453395,Doctor Strange in the Multiverse of Madness,2022-05-04,2022,"Fantasy, Action, Adventure",955775804,290000000,126,7.227
1357633,Solo Leveling -ReAwakening-,2024-11-26,2024,"Action, Adventure, Fantasy, Animation",6331827,0,116,7.144
574475,Final Destination Bloodlines,2025-05-14,2025,"Horror, Mystery",317854739,50000000,110,7.0
1007734,Nobody 2,2025-08-13,2025,"Action, Thriller, Comedy",43285109,25000000,89,6.932
843527,The Idea of You,2024-05-02,2024,"Music, Comedy, Romance, Drama",36178,0,116,7.301
674,Harry Potter and the Goblet of Fire,2005-11-16,2005,"Adventure, Fantasy",895921036,150000000,157,7.801
1511057,Roommates,2026-04-13,2026,Comedy,0,0,108,6.6
949,Heat,1995-12-15,1995,"Crime, Drama, Action",187400000,60000000,170,7.933
109445,Frozen,2013-11-20,2013,"Animation, Family, Adventure, Fantasy",1274219009,150000000,102,7.248
1315303,Primate,2026-01-01,2026,"Horror, Thriller",41235665,21000000,89,6.435
98,Gladiator,2000-05-04,2000,"Action, Drama, Adventure",465516248,103000000,155,8.225
315162,Puss in Boots: The Last Wish,2022-12-07,2022,"Animation, Adventure, Fantasy, Comedy, Family",484700000,90000000,103,8.201
1212763,Evil Dead Burn,2026-07-08,2026,Horror,0,0,0,0.0
11036,The Notebook,2004-06-25,2004,"Romance, Drama",115600000,29000000,123,7.888
22,Pirates of the Caribbean: The Curse of the Black Pearl,2003-07-09,2003,"Adventure, Fantasy, Action",655011224,140000000,143,7.821
767,Harry Potter and the Half-Blood Prince,2009-07-15,2009,"Adventure, Fantasy",933959197,250000000,153,7.68
346,Seven Samurai,1954-04-26,1954,"Action, Drama",105000000,2000000,207,8.45
823464,Godzilla x Kong: The New Empire,2024-03-27,2024,"Action, Adventure, Science Fiction",571750016,150000000,115,7.046
410119,Yu Pui Tsuen II,1987-10-15,1987,"Drama, Fantasy, Romance",0,0,90,5.357
691992,The Making of 'Dances with Wolves',1990-11-15,1990,"Documentary, Drama",0,0,21,7.0
12,Finding Nemo,2003-05-30,2003,"Animation, Family, Adventure",940335536,94000000,100,7.818
936245,Hidden Face,2024-11-20,2024,"Mystery, Thriller",0,0,113,5.1
1646787,Sundutan,2026-03-06,2026,Drama,0,0,70,4.0
321258,The Boy,2016-01-22,2016,"Horror, Mystery, Thriller",73929392,10000000,98,5.974
337167,Fifty Shades Freed,2018-01-17,2018,"Drama, Romance",371985018,55000000,105,6.673
210577,Gone Girl,2014-10-01,2014,"Mystery, Thriller, Drama",370890259,61000000,149,7.89
68721,Iron Man 3,2013-04-18,2013,"Action, Adventure, Science Fiction",1215577205,200000000,130,6.931
670,Oldboy,2003-11-21,2003,"Drama, Thriller, Mystery, Action",17500000,3000000,120,8.239
1065302,"Robin Hood: The Myth, the Man, the Movie",1991-06-13,1991,"Documentary, TV Movie",0,0,32,6.5
50727,The Servant,2010-06-02,2010,"Romance, Drama, Comedy",0,0,124,5.671
292431,Love,2015-07-15,2015,"Drama, Romance",249083,3000000,134,6.451
271110,Captain America: Civil War,2016-04-27,2016,"Adventure, Action, Science Fiction",1155046416,250000000,147,7.447
974576,Conclave,2024-10-25,2024,"Drama, Thriller",115657988,20000000,120,7.188
76341,Mad Max: Fury Road,2015-05-13,2015,"Action, Adventure, Science Fiction",378858340,150000000,121,7.632
12445,Harry Potter and the Deathly Hallows: Part 2,2011-07-12,2011,"Adventure, Fantasy",1341511219,125000000,130,8.079
912649,Venom: The Last Dance,2024-10-22,2024,"Science Fiction, Action, Adventure",478937618,120000000,109,6.66
2062,Ratatouille,2007-06-28,2007,"Animation, Comedy, Family, Fantasy",623726000,150000000,111,7.839
337404,Cruella,2021-05-26,2021,"Comedy, Crime",233503234,200000000,134,7.971
462183,Wild Awakening,2016-10-23,2016,"Drama, Romance, Thriller",0,0,105,5.295
333339,Ready Player One,2018-03-28,2018,"Adventure, Action, Science Fiction",607274134,175000000,140,7.584
9509,Man on Fire,2004-04-23,2004,"Action, Drama, Thriller",130300000,70000000,146,7.462
672,Harry Potter and the Chamber of Secrets,2002-11-13,2002,"Adventure, Fantasy",876688482,100000000,161,7.702
156022,The Equalizer,2014-09-24,2014,"Thriller, Action, Crime",192330738,55000000,132,7.286
8689,Cannibal Holocaust,1980-02-07,1980,Horror,2000000,100000,95,6.27
300496,Nefeli,1980-01-01,1980,Romance,0,10000000,110,3.571
664413,365 Days,2020-02-07,2020,"Romance, Drama",9458590,0,114,7.0
1650558,Abot Langit,2026-03-13,2026,Romance,0,0,70,5.0
552524,Lilo & Stitch,2025-05-17,2025,"Family, Science Fiction, Comedy",1038027526,100000000,108,7.196
18785,The Hangover,2009-06-02,2009,Comedy,469310836,35000000,100,7.331
539,Psycho,1960-06-22,1960,"Horror, Thriller, Mystery",2007,1999,109,8.414
37165,The Truman Show,1998-06-04,1998,"Comedy, Drama",264118712,60000000,103,8.152
1197306,A Working Man,2025-03-26,2025,"Action, Crime, Thriller",88200711,40000000,116,6.674
1231695,A Few Feet Away,2025-03-20,2025,"Comedy, Adventure, Drama",0,0,89,7.3
475557,Joker,2019-10-01,2019,"Crime, Thriller, Drama",1078958629,55000000,122,8.125
1317149,I Swear,2025-09-22,2025,Drama,13133643,6000000,120,8.204
218,The Terminator,1984-10-26,1984,"Action, Thriller, Science Fiction",78371200,6400000,108,7.679
1317672,Love Me Love Me,2026-02-12,2026,"Romance, Drama",0,0,99,5.766
122917,The Hobbit: The Battle of the Five Armies,2014-12-10,2014,"Action, Adventure, Fantasy",956019788,250000000,144,7.333
566525,Shang-Chi and the Legend of the Ten Rings,2021-09-01,2021,"Action, Adventure, Fantasy",432243292,150000000,132,7.494
1472951,Infiltrate,2026-04-10,2026,"Action, Thriller",0,0,93,5.5
1128650,The Prosecutor,2024-12-08,2024,"Action, Drama, Crime, Thriller",128093757,38500000,117,6.983
796,Cruel Intentions,1999-03-05,1999,"Drama, Romance",76347426,10500000,97,6.799
16869,Inglourious Basterds,2009-08-02,2009,"Drama, Thriller, War",321457747,70000000,153,8.217
8966,Twilight,2008-11-20,2008,"Fantasy, Drama, Romance",393616788,37000000,122,6.279
1233506,The Shrinking Man,2025-10-22,2025,"Adventure, Science Fiction",0,24350000,99,6.101
107257,A Perfect Ending,2012-06-01,2012,"Drama, Romance",0,175000,110,6.224
293660,Deadpool,2016-02-09,2016,"Action, Adventure, Comedy",782837347,58000000,108,7.623
559,Spider-Man 3,2007-05-01,2007,"Action, Adventure, Science Fiction",894983373,258000000,139,6.456
840430,The Holdovers,2023-10-27,2023,"Drama, Comedy",42513270,13000000,133,7.649
986056,Thunderbolts*,2025-04-30,2025,"Action, Science Fiction, Adventure",382436917,180000000,127,7.3
1231695,A Few Feet Away,2025-03-20,2025,"Comedy, Adventure, Drama",0,0,89,7.3
920,Cars,2006-06-08,2006,"Animation, Adventure, Comedy, Family",461983149,120000000,117,7.026
207,Dead Poets Society,1989-06-02,1989,Drama,235860116,16400000,129,8.3
4588,"Lust, Caution",2007-09-24,2007,"Action, Drama, Romance, Thriller",67100000,15000000,158,7.269
539,Psycho,1960-06-22,1960,"Horror, Thriller, Mystery",2007,1999,109,8.414
829560,The Next 365 Days,2022-08-18,2022,"Romance, Drama",0,0,112,6.4
1582770,Dhurandhar: The Revenge,2026-03-18,2026,"Action, Crime, Thriller",210000000,22500000,229,7.6
107257,A Perfect Ending,2012-06-01,2012,"Drama, Romance",0,175000,110,6.224
447365,Guardians of the Galaxy Vol. 3,2023-05-03,2023,"Science Fiction, Adventure, Action",845550000,250000000,150,7.926
1303553,Horizon: An American Saga - Chapter 4,,,"Western, Drama",0,0,0,0.0
38757,Tangled,2010-11-24,2010,"Animation, Family, Adventure",592461732,260000000,100,7.61
1572073,The Deadly Little Mermaid,2026-03-06,2026,Horror,0,0,80,4.98
1601243,Oscar Shaw,2026-01-09,2026,"Action, Crime, Thriller, Western",0,0,93,6.5
713704,Evil Dead Rise,2023-04-12,2023,"Horror, Thriller",147256372,15000000,96,6.916
293660,Deadpool,2016-02-09,2016,"Action, Adventure, Comedy",782837347,58000000,108,7.623
559,Spider-Man 3,2007-05-01,2007,"Action, Adventure, Science Fiction",894983373,258000000,139,6.456
324786,Hacksaw Ridge,2016-10-07,2016,"Drama, History, War",175302354,40000000,139,8.19
333339,Ready Player One,2018-03-28,2018,"Adventure, Action, Science Fiction",607274134,175000000,140,7.584
1650558,Abot Langit,2026-03-13,2026,Romance,0,0,70,5.0
285,Pirates of the Caribbean: At World's End,2007-05-19,2007,"Adventure, Fantasy, Action",961691209,300000000,169,7.267
20352,Despicable Me,2010-07-08,2010,"Animation, Comedy, Crime, Family, Science Fiction",543284256,69000000,95,7.257
72190,World War Z,2013-06-19,2013,"Action, Horror, Science Fiction, Thriller",531865000,200000000,116,6.826
829557,365 Days: This Day,2022-04-26,2022,"Romance, Drama",0,0,110,5.9
1495,Kingdom of Heaven,2005-05-03,2005,"Drama, Action, Adventure, History, War",218366336,130000000,144,7.026
1601243,Oscar Shaw,2026-01-09,2026,"Action, Crime, Thriller, Western",0,0,93,6.5
447365,Guardians of the Galaxy Vol. 3,2023-05-03,2023,"Science Fiction, Adventure, Action",845550000,250000000,150,7.926
505642,Black Panther: Wakanda Forever,2022-11-09,2022,"Action, Adventure, Science Fiction",859102154,250000000,162,7.005
675,Harry Potter and the Order of the Phoenix,2007-07-08,2007,"Adventure, Fantasy",938212738,150000000,138,7.671
10020,Beauty and the Beast,1991-10-22,1991,"Romance, Family, Animation, Fantasy",424967620,25000000,84,7.726
791373,Zack Snyder's Justice League,2021-03-18,2021,"Action, Adventure, Fantasy",0,70000000,242,8.089
69857,The Last Mile,1932-08-17,1932,Drama,0,0,75,5.833
615457,Nobody,2021-03-18,2021,"Action, Thriller",57512470,16000000,91,7.88
467905,How to Make a Killing,2026-02-19,2026,"Comedy, Thriller",20642986,15000000,105,7.07
920,Cars,2006-06-08,2006,"Animation, Adventure, Comedy, Family",461983149,120000000,117,7.026
2105,American Pie,1999-07-09,1999,"Comedy, Romance",235483004,11000000,95,6.604
128,Princess Mononoke,1997-07-12,1997,"Adventure, Fantasy, Animation",176506186,23500000,134,8.322
284053,Thor: Ragnarok,2017-10-02,2017,"Action, Science Fiction, Comedy",855301806,180000000,131,7.581
287649,Scarlet Innocence,2014-10-02,2014,"Thriller, Drama, Romance",0,0,111,6.1
823219,Flow,2024-08-29,2024,"Adventure, Animation, Family, Fantasy",17660107,3700000,85,8.082
1083612,The Boy in the Woods,2023-09-19,2023,"Drama, War, History",0,0,100,6.87
1083612,The Boy in the Woods,2023-09-19,2023,"Drama, War, History",0,0,100,6.87
933260,The Substance,2024-09-07,2024,"Horror, Science Fiction",77316812,17500000,141,7.135
799876,The Outfit,2022-02-25,2022,"Crime, Drama, Thriller, Mystery",4000000,5000000,105,7.084
604079,The Long Walk,2025-09-10,2025,"Science Fiction, Thriller, Horror",63103084,20000000,108,6.914
79871,Crazy Love,1993-04-17,1993,"Comedy, Romance, Drama",1575158,0,77,6.378
285,Pirates of the Caribbean: At World's End,2007-05-19,2007,"Adventure, Fantasy, Action",961691209,300000000,169,7.267
207,Dead Poets Society,1989-06-02,1989,Drama,235860116,16400000,129,8.3
713704,Evil Dead Rise,2023-04-12,2023,"Horror, Thriller",147256372,15000000,96,6.916
1284120,The Ugly Stepsister,2025-03-07,2025,"Horror, Comedy, Drama",5325096,4250000,109,7.301
226674,The Adolescent,1979-01-24,1979,Drama,0,0,90,4.536
1325678,Sarah's Oil,2025-11-06,2025,Drama,11675627,18000000,103,8.1
283995,Guardians of the Galaxy Vol. 2,2017-04-19,2017,"Science Fiction, Adventure, Action",863756051,200000000,137,7.609
1197137,Black Phone 2,2025-10-15,2025,"Horror, Thriller",132248152,30000000,114,6.694
945961,Alien: Romulus,2024-08-13,2024,"Horror, Science Fiction",350865342,80000000,119,7.164
1107166,Psycho Killer,2026-02-19,2026,"Crime, Horror, Mystery",2376805,10000000,91,5.532
639988,No Other Choice,2025-09-24,2025,"Comedy, Crime, Thriller",40223568,12200000,140,7.514
1003596,Avengers: Doomsday,2026-12-16,2026,"Science Fiction, Action, Adventure",0,0,0,0.0
1072790,Anyone But You,2023-12-21,2023,"Romance, Comedy",214891370,25000000,103,6.779
1100988,28 Years Later,2025-06-18,2025,"Horror, Thriller, Science Fiction",151308832,60000000,115,6.612
841755,Mortal Kombat Legends: Battle of the Realms,2021-08-30,2021,"Animation, Action, Fantasy",0,0,80,7.593
27,9 Songs,2004-07-16,2004,"Drama, Music, Romance",1574623,1000000,70,5.542
425,Ice Age,2002-03-14,2002,"Animation, Comedy, Family, Adventure",383257136,59000000,81,7.37
819,Sleepers,1996-10-18,1996,"Crime, Drama, Thriller",165600000,44000000,147,7.602
9806,The Incredibles,2004-10-27,2004,"Action, Adventure, Animation, Family",631442092,92000000,115,7.723
508947,Turning Red,2022-03-10,2022,"Animation, Family, Comedy, Fantasy",21813358,0,100,7.318
1627824,Rocky's Cat-astrophe,2026-02-27,2026,"Animation, Family",0,0,44,0.0
1303552,Horizon: An American Saga - Chapter 3,,,"Western, Drama",0,0,0,0.0
106,Predator,1987-06-12,1987,"Science Fiction, Action, Adventure, Thriller",98267558,15000000,107,7.548
77,Memento,2000-10-11,2000,"Mystery, Thriller",40060108,9000000,113,8.177
2109,Rush Hour,1998-09-18,1998,"Action, Comedy, Crime",244721064,33000000,97,7.066
1450527,Forbidden Fruits,2026-03-26,2026,"Horror, Comedy",1765893,0,103,6.7
6479,I Am Legend,2007-12-12,2007,"Drama, Science Fiction, Thriller",585410052,150000000,101,7.21
272148,Darna and Ding,1980-02-08,1980,Action,0,0,0,7.0
1621,Trading Places,1983-06-07,1983,Comedy,90404800,15000000,116,7.228
1226578,Longlegs,2024-07-10,2024,"Crime, Horror, Mystery",127961936,10000000,101,6.531
447273,Snow White,2025-03-19,2025,"Family, Fantasy",205679463,271600000,109,4.329
102382,The Amazing Spider-Man 2,2014-04-16,2014,"Action, Adventure, Science Fiction",716934779,200000000,141,6.534
857,Saving Private Ryan,1998-07-24,1998,"War, Drama, History",481840909,70000000,169,8.223
378236,The Emoji Movie,2017-07-23,2017,"Animation, Family, Comedy",216909830,50000000,86,5.392
4247,Scary Movie,2000-07-07,2000,Comedy,278023280,19000000,88,6.39
1412,"sex, lies, and videotape",1989-08-04,1989,Drama,24741667,1200000,101,6.941
4247,Scary Movie,2000-07-07,2000,Comedy,278023280,19000000,88,6.39
801335,Girl in the Basement,2021-02-27,2021,"Thriller, Crime, TV Movie",0,0,88,7.563
1865,Pirates of the Caribbean: On Stranger Tides,2011-05-15,2011,"Adventure, Action, Fantasy",1046721266,379000000,136,6.6
19404,Dilwale Dulhania Le Jayenge,1995-10-20,1995,"Comedy, Drama, Romance",100000000,13200000,190,8.513
62029,Bingo Bongo,1982-12-23,1982,Comedy,0,0,102,5.7
383498,Deadpool 2,2018-05-15,2018,"Action, Comedy, Adventure",785896632,110000000,120,7.49
77,Memento,2000-10-11,2000,"Mystery, Thriller",40060108,9000000,113,8.177
228150,Fury,2014-10-15,2014,"War, Drama, Action",211817906,68000000,135,7.543
949536,Kill Code,2026-04-16,2026,"Action, Thriller, Science Fiction",19426,20000000,87,6.1
14161,2012,2009-10-10,2009,"Action, Adventure, Science Fiction",791217826,200000000,158,5.876
4951,10 Things I Hate About You,1999-03-30,1999,"Comedy, Romance, Drama",53478166,16000000,97,7.591
27,9 Songs,2004-07-16,2004,"Drama, Music, Romance",1574623,1000000,70,5.542
694,The Shining,1980-05-23,1980,"Horror, Thriller",44781695,19000000,144,8.204
1621,Trading Places,1983-06-07,1983,Comedy,90404800,15000000,116,7.228
296096,Me Before You,2016-06-01,2016,"Drama, Romance",207945075,20000000,110,7.917
822119,Captain America: Brave New World,2025-02-12,2025,"Action, Thriller, Science Fiction",415101577,180000000,119,5.979
106,Predator,1987-06-12,1987,"Science Fiction, Action, Adventure, Thriller",98267558,15000000,107,7.548
168259,Furious 7,2015-04-01,2015,"Action, Crime, Thriller",1515400000,190000000,138,7.217
50620,The Twilight Saga: Breaking Dawn - Part 2,2012-11-13,2012,"Fantasy, Drama, Romance",829747654,120000000,115,6.457
10193,Toy Story 3,2010-06-16,2010,"Animation, Family, Comedy",1067316101,200000000,102,7.804
573435,Bad Boys: Ride or Die,2024-06-05,2024,"Action, Comedy, Crime",404547819,100000000,116,7.323
412117,The Secret Life of Pets 2,2019-05-24,2019,"Family, Comedy, Adventure, Animation",429434163,80000000,86,6.946
1381027,Good Boy,2026-03-06,2026,"Thriller, Drama, Mystery",0,0,110,7.294
857,Saving Private Ryan,1998-07-24,1998,"War, Drama, History",481840909,70000000,169,8.223
1273221,Scary Movie,2026-06-03,2026,"Comedy, Horror",0,0,95,0.0
152601,Her,2013-12-18,2013,"Romance, Science Fiction, Drama",47351251,23000000,126,7.839
5879,In the Realm of the Senses,1976-09-15,1976,"Drama, Romance",7650000,0,105,6.58
1083381,Backrooms,2026-05-27,2026,"Horror, Mystery, Science Fiction",0,0,110,0.0
378236,The Emoji Movie,2017-07-23,2017,"Animation, Family, Comedy",216909830,50000000,86,5.392
1087891,The Amateur,2025-04-09,2025,"Thriller, Action",96000836,60000000,123,6.946
1280738,The Furious,2026-06-05,2026,"Action, Crime, Thriller",0,20000000,114,0.0
313369,La La Land,2016-12-01,2016,"Comedy, Drama, Romance",509183536,30000000,129,7.898
812,Aladdin,1992-11-25,1992,"Animation, Family, Adventure, Fantasy, Romance",504050219,28000000,91,7.653
1669051,Kesong Puti,2026-04-24,2026,Drama,0,0,0,5.5
406997,Wonder,2017-11-13,2017,"Family, Drama",315025930,20000000,113,8.107
1363123,The Family Plan 2,2025-11-11,2025,"Action, Comedy",0,0,106,6.548
976573,Elemental,2023-06-14,2023,"Animation, Comedy, Family, Fantasy, Romance",496444308,200000000,102,7.576
1241470,Osiris,2025-07-25,2025,"Science Fiction, Action, Horror",0,0,108,6.017
1226578,Longlegs,2024-07-10,2024,"Crime, Horror, Mystery",127961936,10000000,101,6.531
